date,keyword,google_trend,etsy_reviews,amazon_bsr,demand,competition,growth,trend,opportunity,seasonality,buyer_intent,collection,material,style,recommended_product,price_range,reason,etsy_price,etsy_sales,amazon_reviews,category,_ai_failed
2026-08-21,Personalized Grandpa Gift For Father's Day From Granddaughter Custom Shape Acrylic Ornament,68.0,120,15420,68,85,75,70,79,high,gift,Father's Day / Grandpa,acrylic,personalized,custom shape acrylic ornament,$16.99 - $24.99,"High opportunity product with strong seasonal demand (+45.2% search growth), manageable Etsy competitor saturation (120 listings), and strong Printway manufacturing margin (75.0%).",16.99,1160,43,Home Decor,False
2026-08-21,Personalized Grandpa Gift For Father's Day From Granddaughter Custom Shape Acrylic Ornament,68.0,120,15420,68,85,75,70,79,high,gift,Father's Day / Grandpa,acrylic,personalized,custom shape acrylic ornament,$16.99 - $24.99,"High opportunity product with strong seasonal demand (+45.2% search growth), manageable Etsy competitor saturation (120 listings), and strong Printway manufacturing margin (75.0%).",16.99,1160,43,Home Decor,False
2026-08-21,halloween mug,4.0,120,15420,68,85,10,10,62,high,decor,Halloween,ceramic,spooky,ceramic mug 11oz/15oz,$16.99 - $24.99,"Moderate opportunity keyword. Demonstrates stable baseline demand with 120 active listings, but requires targeted long-tail niche differentiation to avoid direct ad spend competition.",16.99,1160,43,Drinkware,False
2026-08-21,ghost mirror,36.0,120,15420,68,85,20,36,65,medium,gift,Home Decor,acrylic,themed,custom shape acrylic ornament,$16.99 - $24.99,"Moderate opportunity keyword. Demonstrates stable baseline demand with 120 active listings, but requires targeted long-tail niche differentiation to avoid direct ad spend competition.",16.99,1160,43,Home Decor,False
2026-08-21,teacher tumbler,3.0,120,15420,68,85,10,10,62,high,gift,Drinkware,metal,themed,stainless steel tumbler 20oz/30oz,$16.99 - $24.99,"Moderate opportunity keyword. Demonstrates stable baseline demand with 120 active listings, but requires targeted long-tail niche differentiation to avoid direct ad spend competition.",16.99,1160,43,Drinkware,False
2026-08-21,Custom Photo Cat Mom Ceramic Mug Gift For Pet Lovers,68.0,120,15420,68,85,75,70,78,medium,gift,Mother's Day / Mom,ceramic,personalized,ceramic mug 11oz/15oz,$16.99 - $24.99,"High opportunity product with strong seasonal demand (+45.2% search growth), manageable Etsy competitor saturation (120 listings), and strong Printway manufacturing margin (70.0%).",16.99,1160,43,Drinkware,False
2026-08-21,Custom Embroidered Mama Sweatshirt With Kids Names On Sleeve,68.0,120,15420,68,85,75,70,78,medium,gift,Mother's Day / Mom,cotton,personalized,unisex heavyweight t-shirt,$16.99 - $24.99,"High opportunity product with strong seasonal demand (+45.2% search growth), manageable Etsy competitor saturation (120 listings), and strong Printway manufacturing margin (65.0%).",16.99,1160,43,Apparel,False
2026-08-21,Custom Photo Cat Mom Ceramic Mug Gift For Pet Lovers,68.0,120,15420,68,85,75,70,78,medium,gift,Mother's Day / Mom,ceramic,personalized,ceramic mug 11oz/15oz,$16.99 - $24.99,"High opportunity product with strong seasonal demand (+45.2% search growth), manageable Etsy competitor saturation (120 listings), and strong Printway manufacturing margin (70.0%).",16.99,1160,47,Drinkware,False
2026-08-21,Custom Embroidered Mama Sweatshirt With Kids Names On Sleeve,68.0,120,15420,68,85,75,70,78,medium,gift,Mother's Day / Mom,cotton,personalized,unisex heavyweight t-shirt,$16.99 - $24.99,"High opportunity product with strong seasonal demand (+45.2% search growth), manageable Etsy competitor saturation (120 listings), and strong Printway manufacturing margin (65.0%).",16.99,1160,47,Apparel,False
2026-08-21,Custom Embroidered Mama Sweatshirt With Kids Names On Sleeve,68.0,120,15420,68,85,75,70,78,medium,gift,Mother's Day / Mom,cotton,personalized,unisex heavyweight t-shirt,$16.99 - $24.99,"High opportunity product with strong seasonal demand (+45.2% search growth), manageable Etsy competitor saturation (120 listings), and strong Printway manufacturing margin (65.0%).",16.99,1160,43,Apparel,False
2026-08-21,Custom Embroidered Mama Sweatshirt With Kids Names On Sleeve,68.0,120,15420,68,85,75,68,78,medium,gift,Mother's Day / Mom,cotton,personalized,unisex heavyweight t-shirt,$16.99 - $24.99,"High opportunity product with strong seasonal demand (+45.2% search growth), manageable Etsy competitor saturation (120 listings), and strong Printway manufacturing margin (65.0%).",16.99,1160,43,Apparel,False
2026-08-21,Custom Embroidered Mama Sweatshirt With Kids Names On Sleeve,68.0,120,15420,68,85,75,68,78,medium,gift,Mother's Day / Mom,cotton,personalized,unisex heavyweight t-shirt,$16.99 - $24.99,"High opportunity product with strong seasonal demand (+45.2% search growth), manageable Etsy competitor saturation (120 listings), and strong Printway manufacturing margin (65.0%).",16.99,1160,43,Apparel,False
2026-08-21,Custom Embroidered Mama Sweatshirt With Kids Names On Sleeve,68.0,120,15420,68,85,75,68,78,medium,gift,Mother's Day / Mom,cotton,personalized,unisex heavyweight t-shirt,$16.99 - $24.99,"High opportunity product with strong seasonal demand (+45.2% search growth), manageable Etsy competitor saturation (120 listings), and strong Printway manufacturing margin (65.0%).",16.99,1160,43,Apparel,False
2026-08-21,personalized grandpa acrylic ornament,52.0,120,15420,68,85,55,52,75,medium,gift,Father's Day / Grandpa,acrylic,personalized,custom shape acrylic ornament,$16.99 - $24.99,"High opportunity product with strong seasonal demand (+18.5% search growth), manageable Etsy competitor saturation (120 listings), and strong Printway manufacturing margin (75.0%).",16.99,1160,47,Home Decor,False
2026-08-21,Personalized Grandpa Gift For Father's Day From Granddaughter Custom Shape Acrylic Ornament,68.0,120,15420,68,85,75,68,79,high,gift,Father's Day / Grandpa,acrylic,personalized,custom shape acrylic ornament,$16.99 - $24.99,"High opportunity product with strong seasonal demand (+45.2% search growth), manageable Etsy competitor saturation (120 listings), and strong Printway manufacturing margin (75.0%).",16.99,1160,47,Home Decor,False
2026-08-21,Custom Embroidered Mama Sweatshirt With Kids Names On Sleeve,68.0,120,15420,68,85,75,68,78,medium,gift,Mother's Day / Mom,cotton,personalized,unisex heavyweight t-shirt,$16.99 - $24.99,"High opportunity product with strong seasonal demand (+45.2% search growth), manageable Etsy competitor saturation (120 listings), and strong Printway manufacturing margin (65.0%).",16.99,1160,47,Apparel,False
2026-08-21,personalized grandpa acrylic ornament,65.0,120,15420,68,85,60,70,75,high,gift,Father's Day / Grandpa,acrylic,personalized,custom shape acrylic ornament,$16.99 - $24.99,"High opportunity product on Etsy (14,500 searches/mo, 120 listings) and Amazon (1,250 units/mo) with strong Printway margin (75.0%).",16.99,1160,43,Home Decor,False
2026-08-21,Custom Photo Cat Mom Ceramic Mug Gift For Pet Lovers,52.0,120,15420,68,85,55,52,74,medium,gift,Mother's Day / Mom,ceramic,personalized,ceramic mug 11oz/15oz,$16.99 - $24.99,"High opportunity product with strong seasonal demand (+18.5% search growth), manageable Etsy competitor saturation (120 listings), and strong Printway manufacturing margin (70.0%).",16.99,1160,43,Drinkware,False
2026-08-21,Personalized Grandpa Gift For Father Day Custom Shape Acrylic Ornament,65.0,120,15420,68,85,60,70,75,high,gift,Father's Day / Grandpa,acrylic,personalized,custom shape acrylic ornament,$16.99 - $24.99,"High opportunity product on Etsy (14,500 searches/mo, 120 listings) and Amazon (1,250 units/mo) with strong Printway margin (75.0%).",16.99,1160,43,Home Decor,False
2026-08-21,Personalized Grandpa Gift For Father Day Custom Shape Acrylic Ornament,65.0,120,15420,68,85,60,70,75,high,gift,Father's Day / Grandpa,acrylic,personalized,custom shape acrylic ornament,$16.99 - $24.99,"High opportunity product on Etsy (14,500 searches/mo, 120 listings) and Amazon (1,250 units/mo) with strong Printway margin (75.0%).",16.99,1160,43,Home Decor,False
2026-08-21,personalized grandpa acrylic ornament,65.0,120,15420,68,85,60,70,75,high,gift,Father's Day / Grandpa,acrylic,personalized,custom shape acrylic ornament,$16.99 - $24.99,"High opportunity product on Etsy (14,500 searches/mo, 120 listings) and Amazon (1,250 units/mo) with strong Printway margin (75.0%).",16.99,1160,43,Home Decor,False
2026-08-21,Personalized Grandpa Gift For Father Day Custom Shape Acrylic Ornament,65.0,120,15420,68,85,60,70,75,high,gift,Father's Day / Grandpa,acrylic,personalized,custom shape acrylic ornament,$16.99 - $24.99,"High opportunity product on Etsy (14,500 searches/mo, 120 listings) and Amazon (1,250 units/mo) with strong Printway margin (75.0%).",16.99,1160,43,Home Decor,False
2026-08-21,Personalized Grandpa Acrylic Ornament,65.0,120,15420,68,85,60,70,75,high,gift,Father's Day / Grandpa,acrylic,personalized,custom shape acrylic ornament,$16.99 - $24.99,"High opportunity product on Etsy (14,500 searches/mo, 120 listings) and Amazon (1,250 units/mo) with strong Printway margin (75.0%).",16.99,1160,43,Home Decor,False
2026-08-21,Custom Embroidered Mama Sweatshirt With Kids Names On Sleeve,68.0,120,15420,68,85,75,68,78,medium,gift,Mother's Day / Mom,cotton,personalized,unisex heavyweight t-shirt,$16.99 - $24.99,"High opportunity product with strong seasonal demand (+45.2% search growth), manageable Etsy competitor saturation (120 listings), and strong Printway manufacturing margin (65.0%).",16.99,1160,43,Apparel,False
2026-08-21,Custom Embroidered Mama Sweatshirt With Kids Names On Sleeve,65.0,120,15420,68,85,60,55,74,medium,gift,Mother's Day / Mom,cotton,personalized,unisex heavyweight sweatshirt,$16.99 - $24.99,"High opportunity product on Etsy (14,500 searches/mo, 120 listings) and Amazon (1,250 units/mo) with strong Printway margin (65.0%).",16.99,1160,43,Apparel,False
2026-08-21,Custom Acrylic Night Light For Kids Room,65.0,120,15420,68,85,60,55,75,medium,gift,Home Decor,acrylic,personalized,custom shape acrylic ornament,$16.99 - $24.99,"High opportunity product on Etsy (14,500 searches/mo, 120 listings) and Amazon (1,250 units/mo) with strong Printway margin (75.0%).",16.99,1160,43,Home Decor,False
2026-08-21,personalized grandpa acrylic ornament,65.0,120,15420,68,85,60,70,75,high,gift,Father's Day / Grandpa,acrylic,personalized,custom shape acrylic ornament,$16.99 - $24.99,"High opportunity product on Etsy (14,500 searches/mo, 120 listings) and Amazon (1,250 units/mo) with strong Printway margin (75.0%).",16.99,1160,43,Home Decor,False
2026-08-21,Custom Acrylic Night Light For Kids Room,65.0,120,15420,68,85,60,55,75,medium,gift,Home Decor,acrylic,personalized,custom shape acrylic ornament,$16.99 - $24.99,"High opportunity product on Etsy (14,500 searches/mo, 120 listings) and Amazon (1,250 units/mo) with strong Printway margin (75.0%).",16.99,1160,43,Home Decor,False
2026-08-21,Custom Embroidered Mama Sweatshirt With Kids Names On Sleeve,65.0,120,15420,68,85,60,55,74,medium,gift,Mother's Day / Mom,cotton,personalized,unisex heavyweight sweatshirt,$16.99 - $24.99,"High opportunity product on Etsy (14,500 searches/mo, 120 listings) and Amazon (1,250 units/mo) with strong Printway margin (65.0%).",16.99,1160,43,Apparel,False
2026-08-21,Personalized Grandpa Gift For Father Day Custom Shape Acrylic Ornament,65.0,120,15420,68,85,60,70,75,high,gift,Father's Day / Grandpa,acrylic,personalized,custom shape acrylic ornament,$16.99 - $24.99,"High opportunity product on Etsy (14,500 searches/mo, 120 listings) and Amazon (1,250 units/mo) with strong Printway margin (75.0%).",16.99,1160,43,Home Decor,False
2026-08-21,Personalized Grandpa Gift For Father Day Custom Shape Acrylic Ornament,65.0,120,15420,68,85,60,70,75,high,gift,Father's Day / Grandpa,acrylic,personalized,custom shape acrylic ornament,$16.99 - $24.99,"High opportunity product on Etsy (14,500 searches/mo, 120 listings) and Amazon (1,250 units/mo) with strong Printway margin (75.0%).",16.99,1160,43,Home Decor,False
2026-08-21,Personalized Grandpa Gift For Father Day Custom Shape Acrylic Ornament,65.0,120,15420,68,85,60,70,75,high,gift,Father's Day / Grandpa,acrylic,personalized,custom shape acrylic ornament,$16.99 - $24.99,"High opportunity product on Etsy (14,500 searches/mo, 120 listings) and Amazon (1,250 units/mo) with strong Printway margin (75.0%).",16.99,1160,43,Home Decor,False
2026-08-21,Personalized Grandpa Gift For Father Day Custom Shape Acrylic Ornament,65.0,120,15420,68,85,60,70,75,high,gift,Father's Day / Grandpa,acrylic,personalized,custom shape acrylic ornament,$16.99 - $24.99,"High opportunity product on Etsy (14,500 searches/mo, 120 listings) and Amazon (1,250 units/mo) with strong Printway margin (75.0%).",16.99,1160,43,Home Decor,False
2026-08-21,Personalized Grandpa Gift For Father's Day Custom Shape Acrylic Ornament,65.0,120,15420,68,85,60,70,75,high,gift,Father's Day / Grandpa,acrylic,personalized,custom shape acrylic ornament,$16.99 - $24.99,"High opportunity product on Etsy (14,500 searches/mo, 120 listings) and Amazon (1,250 units/mo) with strong Printway margin (75.0%).",16.99,1160,43,Home Decor,False
2026-08-21,Custom Stainless Steel Tumbler 20oz,65.0,120,15420,68,85,60,55,73,medium,gift,Drinkware,stainless steel,personalized,stainless steel tumbler 20oz,$16.99 - $24.99,Strong demand for personalized drinkware on Etsy and high sales velocity on Amazon.,16.99,1160,43,Drinkware,False
2026-08-21,Custom Stainless Steel Tumbler 20oz,65.0,120,15420,68,85,60,55,74,medium,gift,Drinkware,stainless steel,personalized,stainless steel tumbler 20oz,$16.99 - $24.99,High opportunity score calculated by opportunity_analyst sub-agent with strong unit economics.,16.99,1160,43,Drinkware,False
2026-08-21,Custom Stainless Steel Tumbler 20oz,65.0,101,15420,100,87,71,55,86,medium,gift,Drinkware,stainless steel,personalized,stainless steel tumbler 20oz,$21.75 - $28.75,High opportunity score calculated by opportunity_analyst sub-agent with strong unit economics.,21.75,1974,53,Drinkware,False
2026-08-21,Personalized Grandpa Gift For Father Day Custom Shape Acrylic Ornament,65.0,118,15420,74,85,95,55,83,high — father's day seasonal peak,father's day gift for grandpa/father,Personalized Father's Day Gifts,Acrylic,personalized,Personalized custom-shape acrylic ornament for Grandpa/Father's Day,$25.92 - $34.92,"Strong Etsy search demand, low listing saturation relative to volume, high Amazon velocity, and personalization supports premium pricing and healthy Printway margin.",25.92,1480,75,Home Decor / Seasonal Gifts,False
2026-08-21,Personalized Grandpa Gift For Father Day Custom Shape Acrylic Ornament,65.0,118,15420,74,85,95,70,83,high,gift,Personalized Gifts,acrylic,personalized,custom shape acrylic ornament,$25.92 - $34.92,"Strong Father's Day gifting intent, high sales velocity, limited Etsy listing saturation, and viable acrylic personalization price point.",25.92,1480,75,Home Decor,False
2026-08-21,Custom Acrylic Desk Sign Plaque with Wood Base Light,65.0,57,15420,100,93,90,55,91,"medium-high; peaks during graduation, new job, boss day, christmas, corporate gifting",personalized office gift / professional desk decor / business branding,Personalized Office Gifts,acrylic + wood base + LED light,personalized,custom engraved acrylic desk sign plaque with walnut/oak wood LED base,$27.51 - $35.51,"Very high demand with unusually low Etsy listing count, strong Amazon velocity, premium personalization fit, and good perceived-value pricing for acrylic + wood + optional LED.",27.51,2192,70,Office Decor / Personalized Gifts,False
2026-08-21,Personalized Grandpa Gift For Father Day Custom Shape Acrylic Ornament,65.0,118,15420,74,85,95,55,83,high around father's day,personalized gift for grandpa / father's day,Personalized Father's Day Gifts,acrylic,personalized,custom shape acrylic ornament for grandpa Father's Day gift,$25.92 - $34.92,"Strong cross-market demand, low Etsy listing saturation, high sales velocity, and excellent personalization fit for grandpa-focused custom acrylic ornaments.",25.92,1480,75,Father's Day Gifts / Home Decor,False
2026-08-21,Personalized Grandpa Gift For Father Day Custom Shape Acrylic Ornament,65.0,118,15420,74,85,95,70,83,high,father's day personalized gift for grandpa,Personalized Father's Day Gifts,acrylic,personalized,Personalized grandpa Father's Day custom shape acrylic ornament,$25.92 - $34.92,"Strong seasonal demand, low Etsy listing saturation, high Amazon sales velocity, and excellent personalization fit for grandpa-focused emotional gifting.",25.92,1480,75,Father's Day Gifts,False
2026-08-21,Custom Stainless Steel Tumbler 20oz,15.0,101,15420,100,87,71,15,78,medium,gift,Drinkware,stainless steel,personalized,stainless steel tumbler 20oz,$21.75 - $28.75,"High opportunity score verified across Etsy, Amazon, and Google Trends.",21.75,1974,53,Drinkware,False
2026-08-21,Custom Stainless Steel Tumbler 20oz,35.0,101,15420,100,87,71,35,80,medium,gift,Drinkware,stainless steel,personalized,stainless steel tumbler 20oz,$21.75 - $28.75,High opportunity score verified across 4 data sources.,21.75,1974,53,Drinkware,False
2026-08-21,Baby First Christmas Ornament 2026 Custom Acrylic Keepsake,25.0,73,15420,63,91,55,25,68,very high q4 holiday peak,personalized baby milestone gift / family keepsake,Baby First Christmas 2026,custom acrylic,personalized,personalized baby first Christmas 2026 acrylic photo keepsake ornament,$29.87 - $38.87,"Strong personalization fit, low visible Etsy competition, good Etsy/Amazon demand, but Google Trends score is still early/low and sales are heavily seasonal; best launched before Q4 with photo/name/year customization.",29.87,1367,39,Baby Gifts / Christmas Ornaments,False
2026-08-21,Custom Stainless Steel Tumbler 20oz,35.0,101,15420,100,87,71,35,80,medium,gift,Drinkware,stainless steel,personalized,stainless steel tumbler 20oz,$21.75 - $28.75,High opportunity score verified with visual samples.,21.75,1974,53,Drinkware,False
2026-08-21,Baby First Christmas Ornament 2026 Custom Acrylic Keepsake,5.0,73,15420,63,91,55,5,66,very high q4 holiday peak,personalized newborn keepsake gift for parents/grandparents,Personalized Christmas Gifts / Baby Keepsakes,custom clear acrylic 3mm UV print,personalized,Personalized Baby First Christmas 2026 clear acrylic photo/name keepsake ornament with stained-glass or botanical border,$29.87 - $38.87,"Low Etsy listing count and strong personalization fit create a viable niche, but current Google Trends momentum is weak/off-season and demand is highly seasonal; launch should focus on Q3 SEO seeding and Q4 conversion with differentiated acrylic effects.",29.87,1367,39,Christmas Ornament / Baby Keepsake,False
2026-08-21,Custom Stainless Steel Tumbler 20oz Teacher Appreciation Gift,7.0,232,15420,64,72,59,7,63,teacher appreciation week / back to school / q4 gifting,"teacher appreciation gift, personalized school gift",Teacher Gifts / Personalized Drinkware,Stainless Steel 304,personalized,Custom 20oz stainless steel teacher appreciation tumbler with lid and straw,$15.86 - $23.86,"Amazon monthly sales velocity is moderate at 1,237 units with BSR 27,587 and low review barrier, while Printway stainless steel tumbler personalization supports healthy margin. Caution: Google Trends momentum is weak YoY, so launch should focus on evergreen teacher gift keywords and seasonal campaign windows.",15.86,1173,43,Drinkware,False
2026-08-21,Baby First Christmas Ornament 2026 Custom Acrylic Keepsake,5.0,73,15420,63,91,55,5,66,very high q4 / low off-season,personalized baby keepsake gift,Baby First Christmas / Personalized Holiday Gifts,custom clear acrylic 3mm,personalized,Baby First Christmas 2026 Custom Acrylic Keepsake Ornament,$29.87 - $38.87,"Niche có cạnh tranh thấp và AOV cao trên Etsy/Amazon, rất phù hợp năng lực UV print acrylic cá nhân hóa của Printway; tuy nhiên Google Trends hiện thấp do từ khóa gắn 2026 còn quá sớm và seasonality tập trung mạnh vào Q4.",29.87,1367,39,Baby / Christmas Decor,False
2026-08-21,Baby First Christmas Ornament 2026 Custom Acrylic Keepsake,25.0,73,15420,63,91,55,25,68,very high q4 holiday peak,personalized newborn family gift / keepsake,Personalized Christmas Baby Keepsakes,Clear acrylic 3mm / suncatcher acrylic,personalized,Baby First Christmas 2026 Custom Acrylic Keepsake Ornament,$29.87 - $38.87,"Low active Etsy listing count with strong personalization intent and high acrylic margin, but current Google Trends score is early-season low; launch should start before Q4 ramp and differentiate with 2026 date, photo/name personalization, stained-glass suncatcher effect.",29.87,1367,39,Christmas Personalized Gifts,False
2026-08-21,Baby First Christmas Ornament 2026 Custom Acrylic Keepsake,5.0,73,15420,63,91,55,5,66,q4 holiday peak: tháng 11 - 12,personalized baby gift / family christmas keepsake,Personalized Christmas Gifts 2026,Mica Đài Loan trong suốt 3mm,personalized,Baby First Christmas 2026 custom clear acrylic photo ornament / stained-glass suncatcher keepsake,$29.87 - $38.87,"Etsy demand is measurable with 13,488 search volume, only 73 active listings, and 1,367 monthly sales; Amazon shows 1,138 monthly units and low review depth (51). However Google Trends momentum is currently weak (trend_score 5, YoY -67%), so launch should be timed for Q4 search ramp and differentiated with 2026 personalization, baby photo, name, date, and stained-glass acrylic style.",29.87,1367,39,Christmas Ornament / Personalized Baby Keepsake,False
2026-08-21,Baby First Christmas Ornament 2026 Custom Acrylic Keepsake,5.0,73,15420,63,91,55,5,66,tháng 11 - 12 (q4 holiday),personalized baby keepsake gift,Personalized Christmas Gifts / Baby Keepsakes,Mica Đài Loan trong suốt 3mm,personalized,Custom 2D clear acrylic baby first Christmas ornament 2026 with baby name/photo,$29.87 - $38.87,"Etsy search volume 13,488 with only 73 active listings and strong personalization fit, but Google Trends is currently weak at score 5 with -67% YoY, so launch should be timed for Q4 ramp-up and positioned around baby photo/name customization.",29.87,1367,39,Christmas / Baby Keepsake Ornament,False
2026-08-21,Custom Stainless Steel Tumbler 40oz with handle Teacher Appreciation Gift,7.0,211,15420,82,74,76,7,71,tháng 11 - 12 (q4) & teacher appreciation seasonal demand,teacher appreciation gift / personalized drinkware gift,Personalized Teacher Gifts,Inox 304 40oz có quai,personalized,Custom Stainless Steel Tumbler 40oz with handle Teacher Appreciation Gift,$15.05 - $22.05,"Amazon sales velocity is healthy at 1,656 units/month with BSR 20,006 and low review barrier of 69, while Etsy shows 18,006 search volume against 211 listings. Main caution: Google Trends score is only 7 with -68% YoY, so launch should focus on personalization, teacher gifting angles, and evergreen tumbler keywords.",15.05,1446,57,Drinkware / Teacher Gift,False
